3alpha,7alpha,12beta-Trihydroxy-5beta-cholanate
Bile salt
3beta,6beta,12alpha-Trihydroxy-5beta-cholan-24-oic Acid
3beta,7alpha,12beta-Trihydroxy-5beta-cholan-24-oic Acid
3beta,7beta,12beta-Trihydroxy-5beta-cholan-24-oic Acid
Allocholic acid
3alpha,7alpha,12beta-Trihydroxy-5alpha-cholan-24-oic Acid
3beta,7alpha,12beta-Trihydroxy-5alpha-cholan-24-oic Acid
3alpha,7beta,12beta-Trihydroxy-5alpha-cholan-24-oic Acid
3beta,7beta,12beta-Trihydroxy-5alpha-cholan-24-oic Acid
(22R)-3alpha,7alpha,22-Trihydroxy-5beta-cholan-24-oic Acid
Haemulcholic acid
Phocaecholic acid
(23S)-3alpha,7alpha,23-Trihydroxy-5beta-cholan-24-oic Acid
3alpha,9alpha,11beta-Trihydroxy-5beta-cholan-24-oic Acid
3beta,9alpha,11beta-Trihydroxy-5beta-cholan-24-oic Acid
Avicholic acid
3alpha,11alpha,12alpha-Trihydroxy-5beta-cholan-24-oic Acid
3alpha,11alpha,15beta-Trihydroxy-5beta-cholan-24-oic Acid
3alpha,11alpha,12beta-Trihydroxy-5beta-cholan-24-oic Acid
3alpha,11beta,15beta-Trihydroxy-5beta-cholan-24-oic Acid
3alpha,11beta,12alpha-Trihydroxy-5beta-cholan-24-oic Acid
3alpha,12alpha,15alpha-Trihydroxy-5beta-cholan-24-oic Acid
3alpha,11beta,12beta-Trihydroxy-5beta-cholan-24-oic Acid
3alpha,12alpha,16alpha-Trihydroxy-5beta-cholan-24-oic Acid
3alpha,15beta,18-Trihydroxy-5beta-cholan-24-oic Acid
Bitocholic acid
Cygnocholic acid
3alpha,7alpha,17alpha-Trihydroxy-5beta-cholan-24-oic Acid
3alpha,7beta,14alpha-Trihydroxy-5beta-cholan-24-oic Acid
3alpha,7beta,17alpha-Trihydroxy-5beta-cholan-24-oic Acid
Alloavicholic acid
1beta,3alpha,7beta-Trihydroxy-5beta-cholan-24-oic Acid
3alpha,5beta,7beta-Trihydroxycholan-24-oic Acid
3alpha,7beta,21chi-Trihydroxy-5beta-cholan-24-oic Acid
3alpha,7beta,22chi-Trihydroxy-5beta-cholan-24-oic Acid
(23R)-3alpha,7beta,23-Trihydroxy-5beta-cholan-24-oic Acid
(23S)-3alpha,7beta,23-Trihydroxy-5beta-cholan-24-oic Acid
3alpha,7alpha,19-Trihydroxy-5beta-cholan-24-oic Acid
3alpha,12alpha,19-Trihydroxy-5beta-cholan-24-oic Acid
(23S)-3alpha,12alpha,23-Trihydroxy-5beta-cholan-24-oic Acid
3alpha,12alpha,15beta-Trihydroxy-5beta-cholan-24-oic Acid
Vulpecholic acid
3alpha,4beta,7alpha-Trihydroxy-5beta-cholan-24-oic Acid
3beta,4beta,7alpha-Trihydroxy-5beta-cholan-24-oic Acid
Crichetocholic acid
1beta,3alpha,12alpha-Trihydroxy-5beta-cholan-24-oic Acid
Hyocholic acid
alpha-muricholic acid
3beta,6alpha,7alpha-Trihydroxy-5beta-cholan-24-oic Acid
3beta,6alpha,7beta-Trihydroxy-5beta-cholan-24-oic Acid
3beta,6beta,7alpha-Trihydroxy-5beta-cholan-24-oic Acid
3beta,6beta,7beta-Trihydroxy-5beta-cholan-24-oic Acid
3alpha,6alpha,7alpha-Trihydroxy-5alpha-cholan-24-oic Acid
3alpha,6alpha,7beta-Trihydroxy-5alpha-cholan-24-oic Acid
3alpha,6beta,7alpha-Trihydroxy-5alpha-cholan-24-oic Acid
3alpha,6beta,7beta-Trihydroxy-5alpha-cholan-24-oic Acid
2beta,3alpha,12alpha-Trihydroxy-5beta-cholan-24-oic Acid
3alpha,4beta,12alpha-Trihydroxy-5beta-cholan-24-oic Acid
3beta,5alpha,6beta-Trihydroxycholan-24-oic Acid
3beta,4beta,12alpha-Trihydroxy-5beta-cholan-24-oic Acid
3alpha,5beta,12alpha-Trihydroxycholan-24-oic Acid
3alpha,6alpha,12alpha-Trihydroxy-5beta-cholan-24-oic Acid
3alpha,6beta,12alpha-Trihydroxy-5beta-cholan-24-oic Acid
3beta,6alpha,12alpha-Trihydroxy-5beta-cholan-24-oic Acid
3alpha,7alpha,12beta-Trihydroxy-5beta-cholan-24-oic Acid
3beta,7alpha,12alpha-Trihydroxy-5beta-cholan-24-oic Acid
Alpha-Muricholic acid
Ursocholic acid
3alpha,7beta,12beta-Trihydroxy-5beta-cholan-24-oic Acid
Isoursodeoxycholic acid
3beta,7alpha,12alpha-Trihydroxy-5alpha-cholan-24-oic Acid
3alpha,7beta,12alpha-Trihydroxy-5alpha-cholan-24-oic Acid
1,3,12-Trihydroxycholan-24-oic acid
3beta,7beta,12alpha-Trihydroxy-5alpha-cholan-24-oic Acid
Muricholic acid
Hyocholic acid
3a,4b,7a-Trihydroxy-5b-cholanoic acid
1b,3a,12a-Trihydroxy-5b-cholanoic acid
Cholic acid
Allocholic acid
3a,4b,12a-Trihydroxy-5b-cholanoic acid
6a,12a-Dihydroxylithocholic acid
1beta,3alpha,7alpha-Trihydroxy-5beta-cholan-24-oic Acid
2beta,3alpha,7alpha-Trihydroxy-5beta-cholan-24-oic Acid
omega-muricholic acid
beta-muricholic acid
Aspergillus acid A
1beta,3alpha,12alpha-Trihydroxy-5beta-cholan-24-oicAcid
3alpha,6alpha,12alpha-Trihydroxy-5beta-cholan-24-oic Acid
3beta,7beta,12alpha-Trihydroxy-5beta-cholan-24-oic Acid
3alpha,7alpha,12beta-Trihydroxy-5alpha-cholan-24-oic Acid
3b,7b,12a-Trihydroxy-5b-cholanoic acid
3a,7b,12a-Trihydroxy-5a-Cholanoic acid
3b,7b,12a-Trihydroxy-5a-Cholanoic acid
3b,7a,12a-Trihydroxy-5b-cholanoic acid
1b,3a,7a-Trihydroxy-5b-cholanoic acid
2b,3a,7a-Trihydroxy-5b-cholanoic acid
3a,7b,12b-Trihydroxy-5b-cholanoic acid
3b,7a,12a-Trihydroxy-5a-Cholanoic acid
1,3,12-Trihydroxycholan-24-oic acid
1beta,3a,7a-Trihydroxy-5beta-cholan-24-oic Acid
3beta,4beta,7a-Trihydroxy-5beta-cholan-24-oic Acid
3a,5beta,7a-Trihydroxycholan-24-oic Acid
3beta,6a,7a-Trihydroxy-5beta-cholan-24-oic Acid
3beta,6a,7beta-Trihydroxy-5beta-cholan-24-oic Acid
3beta,6beta,7a-Trihydroxy-5beta-cholan-24-oic Acid
3beta,6beta,7beta-Trihydroxy-5beta-cholan-24-oic Acid
3a,6a,7a-Trihydroxy-5a-cholan-24-oic Acid
3a,6a,7beta-Trihydroxy-5a-cholan-24-oic Acid
3a,6beta,7a-Trihydroxy-5a-cholan-24-oic Acid
3a,6beta,7beta-Trihydroxy-5a-cholan-24-oic Acid
2beta,3a,12a-Trihydroxy-5beta-cholan-24-oic Acid
3beta,4beta,12a-Trihydroxy-5beta-cholan-24-oic Acid
3a,5beta,12a-Trihydroxycholan-24-oic Acid
3a,6beta,12a-Trihydroxy-5beta-cholan-24-oic Acid
3beta,6a,12a-Trihydroxy-5beta-cholan-24-oic Acid
3beta,6beta,12a-Trihydroxy-5beta-cholan-24-oic Acid
3beta,7a,12beta-Trihydroxy-5beta-cholan-24-oic Acid
3beta,7beta,12beta-Trihydroxy-5beta-cholan-24-oic Acid
3a,7a,12beta-Trihydroxy-5a-cholan-24-oic Acid
3beta,7a,12beta-Trihydroxy-5a-cholan-24-oic Acid
3a,7beta,12beta-Trihydroxy-5a-cholan-24-oic Acid
3beta,7beta,12beta-Trihydroxy-5a-cholan-24-oic Acid
(22R)-3a,7a,22-Trihydroxy-5beta-cholan-24-oic Acid
(23S)-3a,7a,23-Trihydroxy-5beta-cholan-24-oic Acid
3a,9a,11beta-Trihydroxy-5beta-cholan-24-oic Acid
3beta,9a,11beta-Trihydroxy-5beta-cholan-24-oic Acid
3a,11a,15beta-Trihydroxy-5beta-cholan-24-oic Acid
3a,11beta,15beta-Trihydroxy-5beta-cholan-24-oic Acid
3a,12a,15a-Trihydroxy-5beta-cholan-24-oic Acid
3a,12a,16a-Trihydroxy-5beta-cholan-24-oic Acid
3a,15beta,18-Trihydroxy-5beta-cholan-24-oic Acid
1beta,3a,7beta-Trihydroxy-5beta-cholan-24-oic Acid
3a,5beta,7beta-Trihydroxycholan-24-oic Acid
3a,7beta,21chi-Trihydroxy-5beta-cholan-24-oic Acid
3a,7beta,22chi-Trihydroxy-5beta-cholan-24-oic Acid
(23R)-3a,7beta,23-Trihydroxy-5beta-cholan-24-oic Acid
(23S)-3a,7beta,23-Trihydroxy-5beta-cholan-24-oic Acid
3a,7a,19-Trihydroxy-5beta-cholan-24-oic Acid
3a,12a,19-Trihydroxy-5beta-cholan-24-oic Acid
(23S)-3a,12a,23-Trihydroxy-5beta-cholan-24-oic Acid
3a,12a,15beta-Trihydroxy-5beta-cholan-24-oic Acid
3beta,5a,6beta-Trihydroxycholan-24-oic Acid
3a,11a,12a-Trihydroxy-5beta-cholan-24-oic Acid
3a,11a,12beta-Trihydroxy-5beta-cholan-24-oic Acid
3a,11beta,12a-Trihydroxy-5beta-cholan-24-oic Acid
3a,11beta,12beta-Trihydroxy-5beta-cholan-24-oic Acid
3a,7a,15a-Trihydroxy-5beta-cholan-24-oic Acid
3a,7a,17a-Trihydroxy-5beta-cholan-24-oic Acid
3a,7beta,14a-Trihydroxy-5beta-cholan-24-oic Acid
3a,7beta,17a-Trihydroxy-5beta-cholan-24-oic Acid
Butaprost
(R)-Butaprost
Constanolactone E methyl acetonide
